Workbook

Sheet Sheet1 (2)
A1: nomor | B1: baris | C1: PBT | D1: NIB | E1: Keadaan Tanah | F1: Tanda Batas | G1: Penunjuk Batas | H1: Hal lain-lain | I1: Nama Jalan | J1: Nomor Jalan | K1: Alamat Tambahan | L1: Kode Pos | M1: Penggunaan | N1: Pemanfaatan | O1: Metode Ukur | P1: Akurasi Bidang | Q1: CEK
A2: 1 | B2: 2 | C2: 138 | D2: 00013 | E2: =IFERROR(IF(OR(VLOOKUP(D2,'Sheet1 (3)'!$C:$F,4,FALSE)="RMH",VLOOKUP(D2,'Sheet1 (3)'!$C:$F,4,FALSE)="PKR",VLOOKUP(D2,'Sheet1 (3)'!$C:$F,4,FALSE)=""),"Non Pertanian","Pertanian"),"Non Pertanian") -> Pertanian | F2: patok Beton | G2: =IFERROR("Sesuai dengan petunjuk pemilik tanah : "&VLOOKUP(D2,'Sheet1 (3)'!$C:$D,2,FALSE),"") -> Sesuai dengan petunjuk pemilik tanah : Tamrin | H2: sesuai gambar ukur 07/SEKUDUK/2026 | I2: - | J2: - | K2: - | L2: - | M2: Perdesaan | N2: =IFERROR(IF(VLOOKUP(D2,'Sheet1 (3)'!$C:$F,4,FALSE)="","Tanah Perkampungan",CHOOSE(MATCH(VLOOKUP(D2,'Sheet1 (3)'!$C:$F,4,FALSE),{"PKR","RMH","SWH","KBN"},0),"Tanah Perkampungan","Permukiman","Tanah Persawahan","Tanah Kebun")),"Tanah Pekarangan") -> Tanah Kebun | O2: =IF(IFERROR(VLOOKUP(D2,'Sheet1 (3)'!$C:$G,5,FALSE),"")="K1","Pengukuran Terestris yang pemetaannya diikatkan ke peta foto","Identifikasi batas bidang tanah diatas peta foto/citra") -> Identifikasi batas bidang tanah diatas peta foto/citra | P2: 0.4
A3: 2 | B3: 3 | C3: 138 | D3: 00014 | E3: =IFERROR(IF(OR(VLOOKUP(D3,'Sheet1 (3)'!$C:$F,4,FALSE)="RMH",VLOOKUP(D3,'Sheet1 (3)'!$C:$F,4,FALSE)="PKR",VLOOKUP(D3,'Sheet1 (3)'!$C:$F,4,FALSE)=""),"Non Pertanian","Pertanian"),"Non Pertanian") -> Pertanian | F3: patok Beton | G3: =IFERROR("Sesuai dengan petunjuk pemilik tanah : "&VLOOKUP(D3,'Sheet1 (3)'!$C:$D,2,FALSE),"") -> Sesuai dengan petunjuk pemilik tanah : Samsul | H3: sesuai gambar ukur 07/SEKUDUK/2026 | I3: - | J3: - | K3: - | L3: - | M3: Perdesaan | N3: =IFERROR(IF(VLOOKUP(D3,'Sheet1 (3)'!$C:$F,4,FALSE)="","Tanah Perkampungan",CHOOSE(MATCH(VLOOKUP(D3,'Sheet1 (3)'!$C:$F,4,FALSE),{"PKR","RMH","SWH","KBN"},0),"Tanah Perkampungan","Permukiman","Tanah Persawahan","Tanah Kebun")),"Tanah Pekarangan") -> Tanah Kebun | O3: =IF(IFERROR(VLOOKUP(D3,'Sheet1 (3)'!$C:$G,5,FALSE),"")="K1","Pengukuran Terestris yang pemetaannya diikatkan ke peta foto","Identifikasi batas bidang tanah diatas peta foto/citra") -> Identifikasi batas bidang tanah diatas peta foto/citra | P3: 0.4
A4: 3 | B4: 4 | C4: 138 | D4: 00015 | E4: =IFERROR(IF(OR(VLOOKUP(D4,'Sheet1 (3)'!$C:$F,4,FALSE)="RMH",VLOOKUP(D4,'Sheet1 (3)'!$C:$F,4,FALSE)="PKR",VLOOKUP(D4,'Sheet1 (3)'!$C:$F,4,FALSE)=""),"Non Pertanian","Pertanian"),"Non Pertanian") -> Pertanian | F4: patok Beton | G4: =IFERROR("Sesuai dengan petunjuk pemilik tanah : "&VLOOKUP(D4,'Sheet1 (3)'!$C:$D,2,FALSE),"") -> Sesuai dengan petunjuk pemilik tanah : Marpuah | H4: sesuai gambar ukur 07/SEKUDUK/2026 | I4: - | J4: - | K4: - | L4: - | M4: Perdesaan | N4: =IFERROR(IF(VLOOKUP(D4,'Sheet1 (3)'!$C:$F,4,FALSE)="","Tanah Perkampungan",CHOOSE(MATCH(VLOOKUP(D4,'Sheet1 (3)'!$C:$F,4,FALSE),{"PKR","RMH","SWH","KBN"},0),"Tanah Perkampungan","Permukiman","Tanah Persawahan","Tanah Kebun")),"Tanah Pekarangan") -> Tanah Kebun | O4: =IF(IFERROR(VLOOKUP(D4,'Sheet1 (3)'!$C:$G,5,FALSE),"")="K1","Pengukuran Terestris yang pemetaannya diikatkan ke peta foto","Identifikasi batas bidang tanah diatas peta foto/citra") -> Identifikasi batas bidang tanah diatas peta foto/citra | P4: 0.4
A5: 4 | B5: 5 | C5: 138 | D5: 00016 | E5: =IFERROR(IF(OR(VLOOKUP(D5,'Sheet1 (3)'!$C:$F,4,FALSE)="RMH",VLOOKUP(D5,'Sheet1 (3)'!$C:$F,4,FALSE)="PKR",VLOOKUP(D5,'Sheet1 (3)'!$C:$F,4,FALSE)=""),"Non Pertanian","Pertanian"),"Non Pertanian") -> Pertanian | F5: patok Beton | G5: =IFERROR("Sesuai dengan petunjuk pemilik tanah : "&VLOOKUP(D5,'Sheet1 (3)'!$C:$D,2,FALSE),"") -> Sesuai dengan petunjuk pemilik tanah : Mutamam Alm | H5: sesuai gambar ukur 07/SEKUDUK/2026 | I5: - | J5: - | K5: - | L5: - | M5: Perdesaan | N5: =IFERROR(IF(VLOOKUP(D5,'Sheet1 (3)'!$C:$F,4,FALSE)="","Tanah Perkampungan",CHOOSE(MATCH(VLOOKUP(D5,'Sheet1 (3)'!$C:$F,4,FALSE),{"PKR","RMH","SWH","KBN"},0),"Tanah Perkampungan","Permukiman","Tanah Persawahan","Tanah Kebun")),"Tanah Pekarangan") -> Tanah Kebun | O5: =IF(IFERROR(VLOOKUP(D5,'Sheet1 (3)'!$C:$G,5,FALSE),"")="K1","Pengukuran Terestris yang pemetaannya diikatkan ke peta foto","Identifikasi batas bidang tanah diatas peta foto/citra") -> Identifikasi batas bidang tanah diatas peta foto/citra | P5: 0.4
A6: 5 | B6: 6 | C6: 138 | D6: 00017 | E6: =IFERROR(IF(OR(VLOOKUP(D6,'Sheet1 (3)'!$C:$F,4,FALSE)="RMH",VLOOKUP(D6,'Sheet1 (3)'!$C:$F,4,FALSE)="PKR",VLOOKUP(D6,'Sheet1 (3)'!$C:$F,4,FALSE)=""),"Non Pertanian","Pertanian"),"Non Pertanian") -> Pertanian | F6: patok Beton | G6: =IFERROR("Sesuai dengan petunjuk pemilik tanah : "&VLOOKUP(D6,'Sheet1 (3)'!$C:$D,2,FALSE),"") -> Sesuai dengan petunjuk pemilik tanah : Sabiran | H6: sesuai gambar ukur 07/SEKUDUK/2026 | I6: - | J6: - | K6: - | L6: - | M6: Perdesaan | N6: =IFERROR(IF(VLOOKUP(D6,'Sheet1 (3)'!$C:$F,4,FALSE)="","Tanah Perkampungan",CHOOSE(MATCH(VLOOKUP(D6,'Sheet1 (3)'!$C:$F,4,FALSE),{"PKR","RMH","SWH","KBN"},0),"Tanah Perkampungan","Permukiman","Tanah Persawahan","Tanah Kebun")),"Tanah Pekarangan") -> Tanah Kebun | O6: =IF(IFERROR(VLOOKUP(D6,'Sheet1 (3)'!$C:$G,5,FALSE),"")="K1","Pengukuran Terestris yang pemetaannya diikatkan ke peta foto","Identifikasi batas bidang tanah diatas peta foto/citra") -> Identifikasi batas bidang tanah diatas peta foto/citra | P6: 0.4
A7: 6 | B7: 7 | C7: 138 | D7: 00018 | E7: =IFERROR(IF(OR(VLOOKUP(D7,'Sheet1 (3)'!$C:$F,4,FALSE)="RMH",VLOOKUP(D7,'Sheet1 (3)'!$C:$F,4,FALSE)="PKR",VLOOKUP(D7,'Sheet1 (3)'!$C:$F,4,FALSE)=""),"Non Pertanian","Pertanian"),"Non Pertanian") -> Pertanian | F7: patok Beton | G7: =IFERROR("Sesuai dengan petunjuk pemilik tanah : "&VLOOKUP(D7,'Sheet1 (3)'!$C:$D,2,FALSE),"") -> Sesuai dengan petunjuk pemilik tanah : Wafida | H7: sesuai gambar ukur 07/SEKUDUK/2026 | I7: - | J7: - | K7: - | L7: - | M7: Perdesaan | N7: =IFERROR(IF(VLOOKUP(D7,'Sheet1 (3)'!$C:$F,4,FALSE)="","Tanah Perkampungan",CHOOSE(MATCH(VLOOKUP(D7,'Sheet1 (3)'!$C:$F,4,FALSE),{"PKR","RMH","SWH","KBN"},0),"Tanah Perkampungan","Permukiman","Tanah Persawahan","Tanah Kebun")),"Tanah Pekarangan") -> Tanah Kebun | O7: =IF(IFERROR(VLOOKUP(D7,'Sheet1 (3)'!$C:$G,5,FALSE),"")="K1","Pengukuran Terestris yang pemetaannya diikatkan ke peta foto","Identifikasi batas bidang tanah diatas peta foto/citra") -> Identifikasi batas bidang tanah diatas peta foto/citra | P7: 0.4
A8: 7 | B8: 8 | C8: 138 | D8: 00019 | E8: =IFERROR(IF(OR(VLOOKUP(D8,'Sheet1 (3)'!$C:$F,4,FALSE)="RMH",VLOOKUP(D8,'Sheet1 (3)'!$C:$F,4,FALSE)="PKR",VLOOKUP(D8,'Sheet1 (3)'!$C:$F,4,FALSE)=""),"Non Pertanian","Pertanian"),"Non Pertanian") -> Pertanian | F8: patok Beton | G8: =IFERROR("Sesuai dengan petunjuk pemilik tanah : "&VLOOKUP(D8,'Sheet1 (3)'!$C:$D,2,FALSE),"") -> Sesuai dengan petunjuk pemilik tanah : Azizah | H8: sesuai gambar ukur 07/SEKUDUK/2026 | I8: - | J8: - | K8: - | L8: - | M8: Perdesaan | N8: =IFERROR(IF(VLOOKUP(D8,'Sheet1 (3)'!$C:$F,4,FALSE)="","Tanah Perkampungan",CHOOSE(MATCH(VLOOKUP(D8,'Sheet1 (3)'!$C:$F,4,FALSE),{"PKR","RMH","SWH","KBN"},0),"Tanah Perkampungan","Permukiman","Tanah Persawahan","Tanah Kebun")),"Tanah Pekarangan") -> Tanah Kebun | O8: =IF(IFERROR(VLOOKUP(D8,'Sheet1 (3)'!$C:$G,5,FALSE),"")="K1","Pengukuran Terestris yang pemetaannya diikatkan ke peta foto","Identifikasi batas bidang tanah diatas peta foto/citra") -> Identifikasi batas bidang tanah diatas peta foto/citra | P8: 0.4
A9: 8 | B9: 9 | C9: 138 | D9: 00020 | E9: =IFERROR(IF(OR(VLOOKUP(D9,'Sheet1 (3)'!$C:$F,4,FALSE)="RMH",VLOOKUP(D9,'Sheet1 (3)'!$C:$F,4,FALSE)="PKR",VLOOKUP(D9,'Sheet1 (3)'!$C:$F,4,FALSE)=""),"Non Pertanian","Pertanian"),"Non Pertanian") -> Pertanian | F9: patok Beton | G9: =IFERROR("Sesuai dengan petunjuk pemilik tanah : "&VLOOKUP(D9,'Sheet1 (3)'!$C:$D,2,FALSE),"") -> Sesuai dengan petunjuk pemilik tanah : Mutamam Alm | H9: sesuai gambar ukur 07/SEKUDUK/2026 | I9: - | J9: - | K9: - | L9: - | M9: Perdesaan | N9: =IFERROR(IF(VLOOKUP(D9,'Sheet1 (3)'!$C:$F,4,FALSE)="","Tanah Perkampungan",CHOOSE(MATCH(VLOOKUP(D9,'Sheet1 (3)'!$C:$F,4,FALSE),{"PKR","RMH","SWH","KBN"},0),"Tanah Perkampungan","Permukiman","Tanah Persawahan","Tanah Kebun")),"Tanah Pekarangan") -> Tanah Kebun | O9: =IF(IFERROR(VLOOKUP(D9,'Sheet1 (3)'!$C:$G,5,FALSE),"")="K1","Pengukuran Terestris yang pemetaannya diikatkan ke peta foto","Identifikasi batas bidang tanah diatas peta foto/citra") -> Identifikasi batas bidang tanah diatas peta foto/citra | P9: 0.4
A10: 9 | B10: 10 | C10: 138 | D10: 00021 | E10: =IFERROR(IF(OR(VLOOKUP(D10,'Sheet1 (3)'!$C:$F,4,FALSE)="RMH",VLOOKUP(D10,'Sheet1 (3)'!$C:$F,4,FALSE)="PKR",VLOOKUP(D10,'Sheet1 (3)'!$C:$F,4,FALSE)=""),"Non Pertanian","Pertanian"),"Non Pertanian") -> Pertanian | F10: patok Beton | G10: =IFERROR("Sesuai dengan petunjuk pemilik tanah : "&VLOOKUP(D10,'Sheet1 (3)'!$C:$D,2,FALSE),"") -> Sesuai dengan petunjuk pemilik tanah : Tarmuzi | H10: sesuai gambar ukur 07/SEKUDUK/2026 | I10: - | J10: - | K10: - | L10: - | M10: Perdesaan | N10: =IFERROR(IF(VLOOKUP(D10,'Sheet1 (3)'!$C:$F,4,FALSE)="","Tanah Perkampungan",CHOOSE(MATCH(VLOOKUP(D10,'Sheet1 (3)'!$C:$F,4,FALSE),{"PKR","RMH","SWH","KBN"},0),"Tanah Perkampungan","Permukiman","Tanah Persawahan","Tanah Kebun")),"Tanah Pekarangan") -> Tanah Kebun | O10: =IF(IFERROR(VLOOKUP(D10,'Sheet1 (3)'!$C:$G,5,FALSE),"")="K1","Pengukuran Terestris yang pemetaannya diikatkan ke peta foto","Identifikasi batas bidang tanah diatas peta foto/citra") -> Identifikasi batas bidang tanah diatas peta foto/citra | P10: 0.4
A11: 10 | B11: 11 | C11: 138 | D11: 00022 | E11: =IFERROR(IF(OR(VLOOKUP(D11,'Sheet1 (3)'!$C:$F,4,FALSE)="RMH",VLOOKUP(D11,'Sheet1 (3)'!$C:$F,4,FALSE)="PKR",VLOOKUP(D11,'Sheet1 (3)'!$C:$F,4,FALSE)=""),"Non Pertanian","Pertanian"),"Non Pertanian") -> Pertanian | F11: patok Beton | G11: =IFERROR("Sesuai dengan petunjuk pemilik tanah : "&VLOOKUP(D11,'Sheet1 (3)'!$C:$D,2,FALSE),"") -> Sesuai dengan petunjuk pemilik tanah : Rusminin | H11: sesuai gambar ukur 07/SEKUDUK/2026 | I11: - | J11: - | K11: - | L11: - | M11: Perdesaan | N11: =IFERROR(IF(VLOOKUP(D11,'Sheet1 (3)'!$C:$F,4,FALSE)="","Tanah Perkampungan",CHOOSE(MATCH(VLOOKUP(D11,'Sheet1 (3)'!$C:$F,4,FALSE),{"PKR","RMH","SWH","KBN"},0),"Tanah Perkampungan","Permukiman","Tanah Persawahan","Tanah Kebun")),"Tanah Pekarangan") -> Tanah Kebun | O11: =IF(IFERROR(VLOOKUP(D11,'Sheet1 (3)'!$C:$G,5,FALSE),"")="K1","Pengukuran Terestris yang pemetaannya diikatkan ke peta foto","Identifikasi batas bidang tanah diatas peta foto/citra") -> Identifikasi batas bidang tanah diatas peta foto/citra | P11: 0.4
A12: 11 | B12: 12 | C12: 138 | D12: 00023 | E12: =IFERROR(IF(OR(VLOOKUP(D12,'Sheet1 (3)'!$C:$F,4,FALSE)="RMH",VLOOKUP(D12,'Sheet1 (3)'!$C:$F,4,FALSE)="PKR",VLOOKUP(D12,'Sheet1 (3)'!$C:$F,4,FALSE)=""),"Non Pertanian","Pertanian"),"Non Pertanian") -> Pertanian | F12: patok Beton | G12: =IFERROR("Sesuai dengan petunjuk pemilik tanah : "&VLOOKUP(D12,'Sheet1 (3)'!$C:$D,2,FALSE),"") -> Sesuai dengan petunjuk pemilik tanah : Wafida | H12: sesuai gambar ukur 07/SEKUDUK/2026 | I12: - | J12: - | K12: - | L12: - | M12: Perdesaan | N12: =IFERROR(IF(VLOOKUP(D12,'Sheet1 (3)'!$C:$F,4,FALSE)="","Tanah Perkampungan",CHOOSE(MATCH(VLOOKUP(D12,'Sheet1 (3)'!$C:$F,4,FALSE),{"PKR","RMH","SWH","KBN"},0),"Tanah Perkampungan","Permukiman","Tanah Persawahan","Tanah Kebun")),"Tanah Pekarangan") -> Tanah Kebun | O12: =IF(IFERROR(VLOOKUP(D12,'Sheet1 (3)'!$C:$G,5,FALSE),"")="K1","Pengukuran Terestris yang pemetaannya diikatkan ke peta foto","Identifikasi batas bidang tanah diatas peta foto/citra") -> Pengukuran Terestris yang pemetaannya diikatkan ke peta foto | P12: 0.4
A13: 12 | B13: 13 | C13: 138 | D13: 00024 | E13: =IFERROR(IF(OR(VLOOKUP(D13,'Sheet1 (3)'!$C:$F,4,FALSE)="RMH",VLOOKUP(D13,'Sheet1 (3)'!$C:$F,4,FALSE)="PKR",VLOOKUP(D13,'Sheet1 (3)'!$C:$F,4,FALSE)=""),"Non Pertanian","Pertanian"),"Non Pertanian") -> Pertanian | F13: patok Beton | G13: =IFERROR("Sesuai dengan petunjuk pemilik tanah : "&VLOOKUP(D13,'Sheet1 (3)'!$C:$D,2,FALSE),"") -> Sesuai dengan petunjuk pemilik tanah : Musfalah | H13: sesuai gambar ukur 07/SEKUDUK/2026 | I13: - | J13: - | K13: - | L13: - | M13: Perdesaan | N13: =IFERROR(IF(VLOOKUP(D13,'Sheet1 (3)'!$C:$F,4,FALSE)="","Tanah Perkampungan",CHOOSE(MATCH(VLOOKUP(D13,'Sheet1 (3)'!$C:$F,4,FALSE),{"PKR","RMH","SWH","KBN"},0),"Tanah Perkampungan","Permukiman","Tanah Persawahan","Tanah Kebun")),"Tanah Pekarangan") -> Tanah Kebun | O13: =IF(IFERROR(VLOOKUP(D13,'Sheet1 (3)'!$C:$G,5,FALSE),"")="K1","Pengukuran Terestris yang pemetaannya diikatkan ke peta foto","Identifikasi batas bidang tanah diatas peta foto/citra") -> Pengukuran Terestris yang pemetaannya diikatkan ke peta foto | P13: 0.4
... A169: 168 | B169: 169 | C169: 138 | D169: 00180 | E169: =IFERROR(IF(OR(VLOOKUP(D169,'Sheet1 (3)'!$C:$F,4,FALSE)="RMH",VLOOKUP(D169,'Sheet1 (3)'!$C:$F,4,FALSE)="PKR",VLOOKUP(D169,'Sheet1 (3)'!$C:$F,4,FALSE)=""),"Non Pertanian","Pertanian"),"Non Pertanian") -> Non Pertanian | F169: patok Beton | G169: =IFERROR("Sesuai dengan petunjuk pemilik tanah : "&VLOOKUP(D169,'Sheet1 (3)'!$C:$D,2,FALSE),"") -> Sesuai dengan petunjuk pemilik tanah : Jalan | H169: sesuai gambar ukur 07/SEKUDUK/2026 | I169: - | J169: - | K169: - | L169: - | M169: Perdesaan | N169: =IFERROR(IF(VLOOKUP(D169,'Sheet1 (3)'!$C:$F,4,FALSE)="","Tanah Perkampungan",CHOOSE(MATCH(VLOOKUP(D169,'Sheet1 (3)'!$C:$F,4,FALSE),{"PKR","RMH","SWH","KBN"},0),"Tanah Perkampungan","Permukiman","Tanah Persawahan","Tanah Kebun")),"Tanah Pekarangan") -> Tanah Perkampungan | O169: =IF(IFERROR(VLOOKUP(D169,'Sheet1 (3)'!$C:$G,5,FALSE),"")="K1","Pengukuran Terestris yang pemetaannya diikatkan ke peta foto","Identifikasi batas bidang tanah diatas peta foto/citra") -> Identifikasi batas bidang tanah diatas peta foto/citra | P169: 0.4

Sheet Sheet1 (3)
A1: NUB | B1: NOP | C1: NIB | D1: NAMA | E1: NIK | F1: KONDISI | G1: NOHAK | H1: LUAS | I1: X | J1: Y | K1: DWGNAME | L1: NoLembar | M1: NoKotak
A2: 774 | C2: 00013 | D2: Tamrin | E2: 6101061807630005 | F2: KBN | G2: K3 | H2: 14735.631 | I2: 175632.01 | J2: 1657782.5 | K2: 7.SEKUDUK 1 168 BIDANG.dwg | L2: 24.230-08.3 | M2: B3
A3: 775 | C3: 00014 | D3: Samsul | E3: 6101061807630005 | F3: KBN | G3: K3 | H3: 2808.636 | I3: 175643.66 | J3: 1657636.2 | K3: 7.SEKUDUK 1 168 BIDANG.dwg | L3: 24.230-08.3 | M3: B2
A4: 776 | C4: 00015 | D4: Marpuah | E4: 6101064207530003 | F4: KBN | G4: K3 | H4: 16774.374 | I4: 175706.82 | J4: 1657769.5 | K4: 7.SEKUDUK 1 168 BIDANG.dwg | L4: 24.230-08.3 | M4: C3
A5: 777 | C5: 00016 | D5: Mutamam Alm | E5: 6101060306600004 | F5: KBN | G5: K3 | H5: 5963.756 | I5: 175711.48 | J5: 1657959.1 | K5: 7.SEKUDUK 1 168 BIDANG.dwg | L5: 24.230-08.3 | M5: C5
A6: 778 | C6: 00017 | D6: Sabiran | E6: 6101061801690002 | F6: KBN | G6: K3 | H6: 6305.239 | I6: 175749.98 | J6: 1657952 | K6: 7.SEKUDUK 1 168 BIDANG.dwg | L6: 24.230-08.3 | M6: C5
A7: 779 | C7: 00018 | D7: Wafida | E7: 6101061807630005 | F7: KBN | G7: K3 | H7: 17411.955 | I7: 175756.08 | J7: 1657711.4 | K7: 7.SEKUDUK 1 168 BIDANG.dwg | L7: 24.230-08.3 | M7: C3
A8: 780 | C8: 00019 | D8: Azizah | E8: 6101065012850001 | F8: KBN | G8: K3 | H8: 5789.745 | I8: 175787.07 | J8: 1657945.9 | K8: 7.SEKUDUK 1 168 BIDANG.dwg | L8: 24.230-08.3 | M8: C5
A9: 781 | C9: 00020 | D9: Mutamam Alm | E9: 6101060306600004 | F9: KBN | G9: K3 | H9: 5625.848 | I9: 175809.63 | J9: 1657922.2 | K9: 7.SEKUDUK 1 168 BIDANG.dwg | L9: 24.230-08.3 | M9: D5
A10: 782 | C10: 00021 | D10: Tarmuzi | E10: 6101062809850001 | F10: KBN | G10: K3 | H10: 9900.409 | I10: 175816.58 | J10: 1657706 | K10: 7.SEKUDUK 1 168 BIDANG.dwg | L10: 24.230-08.3 | M10: D3
A11: 783 | C11: 00022 | D11: Rusminin | E11: 6101060301710002 | F11: KBN | G11: K3 | H11: 7695.763 | I11: 175842.05 | J11: 1657918.6 | K11: 7.SEKUDUK 1 168 BIDANG.dwg | L11: 24.230-08.3 | M11: D5
A12: 784 | C12: 00023 | D12: Wafida | E12: 6101066307670001 | F12: KBN | G12: K1 | H12: 17234.72 | I12: 175850.14 | J12: 1657627.1 | K12: 7.SEKUDUK 1 168 BIDANG.dwg | L12: 24.230-08.3 | M12: D2
A13: 785 | C13: 00024 | D13: Musfalah | E13: 6101064103750003 | F13: KBN | G13: K1 | H13: 8642.368 | I13: 175859.82 | J13: 1657704.1 | K13: 7.SEKUDUK 1 168 BIDANG.dwg | L13: 24.230-08.3 | M13: D3
... A59: 831 | C59: 00070 | D59: Hajali | E59: 6101061502880003 | F59: KBN | G59: K3 | H59: 2390.038 | I59: 176243.77 | J59: 1657195.2 | K59: 7.SEKUDUK 1 168 BIDANG.dwg | L59: 25.230-01.7 | M59: C2
A60: 832 | C60: 00071 | D60: Jalan | E60: 6101061807630005 | H60: 4159.353 | I60: 176244.75 | J60: 1657970 | K60: 7.SEKUDUK 1 168 BIDANG.dwg | L60: 25.230-05.1 | M60: C5
A61: 833 | C61: 00072 | D61: Saluran Air | E61: 6101061807630005 | H61: 5075.172 | I61: 176244.81 | J61: 1657975.2 | K61: 7.SEKUDUK 1 168 BIDANG.dwg | L61: 25.230-05.1 | M61: C5
A62: 834 | C62: 00073 | D62: Hasman | E62: 6101061807630005 | F62: KBN | G62: K3 | H62: 1202.814 | I62: 176245.51 | J62: 1657010.6 | K62: 7.SEKUDUK 1 168 BIDANG.dwg | L62: 25.230-01.7 | M62: C1
A63: 835 | C63: 00074 | D63: Ikhwan | E63: 6101060909730002 | F63: KBN | G63: K1 | H63: 4101.28 | I63: 176245.68 | J63: 1657357.6 | K63: 7.SEKUDUK 1 168 BIDANG.dwg | L63: 25.230-01.7 | M63: C4
A64: 836 | C64: 00075 | D64: Sapar | E64: 6101061807630005 | F64: KBN | G64: K3 | H64: 6273.857 | I64: 176256.48 | J64: 1657079.5 | K64: 7.SEKUDUK 1 168 BIDANG.dwg | L64: 25.230-01.7 | M64: C1
A65: 837 | C65: 00076 | D65: Wal'ah | E65: 6101066003690001 | F65: KBN | G65: K3 | H65: 3771.257 | I65: 176268.41 | J65: 1657668.3 | K65: 7.SEKUDUK 1 168 BIDANG.dwg | L65: 25.230-05.1 | M65: C2
A66: 838 | C66: 00077 | D66: Erlian | E66: 6101060608650003 | F66: KBN | G66: K3 | H66: 1800.489 | I66: 176276.23 | J66: 1657091.5 | K66: 7.SEKUDUK 1 168 BIDANG.dwg | L66: 25.230-01.7 | M66: C1
A67: 839 | C67: 00078 | D67: Nuraliah | E67: 6101065807810004 | F67: KBN | G67: K3 | H67: 10385.355 | I67: 176279.93 | J67: 1657813.3 | K67: 7.SEKUDUK 1 168 BIDANG.dwg | L67: 25.230-05.1 | M67: C4
A68: 840 | C68: 00079 | D68: Herlian | E68: 6101061807630005 | F68: KBN | G68: K3 | H68: 10596.664 | I68: 176294.9 | J68: 1657872.1 | K68: 7.SEKUDUK 1 168 BIDANG.dwg | L68: 25.230-05.1 | M68: C4
A69: 841 | C69: 00080 | D69: Rahmi Anggraini | E69: 6101066803100001 | F69: KBN | G69: K3 | H69: 6042.582 | I69: 176294.99 | J69: 1657678.9 | K69: 7.SEKUDUK 1 168 BIDANG.dwg | L69: 25.230-05.1 | M69: C2
A70: 842 | C70: 00081 | D70: Ika Zulaika | E70: 6101065910930001 | F70: KBN | G70: K1 | H70: 5324.624 | I70: 176295.91 | J70: 1657401.1 | K70: 7.SEKUDUK 1 168 BIDANG.dwg | L70: 25.230-01.7 | M70: C5
A71: 843 | C71: 00082 | D71: Husin | E71: 6101062205830002 | F71: KBN | G71: K3 | H71: 6410.745 | I71: 176296.45 | J71: 1657524.6 | K71: 7.SEKUDUK 1 168 BIDANG.dwg | L71: 25.230-05.1 | M71: C1
A72: 844 | C72: 00083 | D72: Husban, S.pd.i | E72: 6101062111700003 | F72: KBN | G72: K3 | H72: 4333.875 | I72: 176309.63 | J72: 1657698.2 | K72: 7.SEKUDUK 1 168 BIDANG.dwg | L72: 25.230-05.1 | M72: D2
A73: 845 | C73: 00084 | D73: Husin | E73: 6101062205830002 | F73: KBN | G73: K3 | H73: 13600.801 | I73: 176311.4 | J73: 1657153.9 | K73: 7.SEKUDUK 1 168 BIDANG.dwg | L73: 25.230-01.7 | M73: D2
... A92: 864 | C92: 00103 | D92: Zamhuri Noer, Amd | E92: 6101060202760002 | F92: KBN | G92: K3 | H92: 7967.213 | I92: 176442.44 | J92: 1657361.2 | K92: 7.SEKUDUK 1 168 BIDANG.dwg | L92: 25.230-01.7 | M92: E4
A93: 865 | C93: 00104 | D93: Saluran Air | E93: 6101061807630005 | H93: 3277.756 | I93: 176442.49 | J93: 1657674.5 | K93: 7.SEKUDUK 1 168 BIDANG.dwg | L93: 25.230-05.1 | M93: E2
A94: 866 | C94: 00105 | D94: Dina Uswatun Hasanah | E94: 6101066708970003 | F94: KBN | G94: K1 | H94: 7079.278 | I94: 176446.11 | J94: 1657210.7 | K94: 7.SEKUDUK 1 168 BIDANG.dwg | L94: 25.230-01.7 | M94: E3
A95: 867 | C95: 00106 | D95: Jalan | E95: 6101061807630005 | H95: 8051.555 | I95: 176447.99 | J95: 1657669.9 | K95: 7.SEKUDUK 1 168 BIDANG.dwg | L95: 25.230-05.1 | M95: E2
A96: 868 | C96: 00107 | D96: Saluran Air | E96: 6101061807630005 | H96: 3292.226 | I96: 176456.18 | J96: 1657668.3 | K96: 7.SEKUDUK 1 168 BIDANG.dwg | L96: 25.230-05.1 | M96: E2
A97: 869 | C97: 00108 | D97: Husban, S.pd.i | E97: 6101062111700003 | F97: KBN | G97: K3 | H97: 1687.987 | I97: 176459.08 | J97: 1657601.7 | K97: 7.SEKUDUK 1 168 BIDANG.dwg | L97: 25.230-05.1 | M97: E2
A98: 870 | C98: 00109 | D98: Abdiah | E98: 6101065009450001 | F98: KBN | G98: K3 | H98: 2463.148 | I98: 176479.61 | J98: 1657888 | K98: 7.SEKUDUK 1 168 BIDANG.dwg | L98: 25.230-05.1 | M98: E4
A99: 871 | C99: 00110 | D99: Ita Lestari | E99: 6101064105910002 | F99: KBN | G99: K3 | H99: 2700.493 | I99: 176489.46 | J99: 1657391.6 | K99: 7.SEKUDUK 1 168 BIDANG.dwg | L99: 25.230-01.7 | M99: E4
A100: 872 | C100: 00111 | D100: Hikmah | E100: 6101067112800001 | F100: KBN | G100: K1 | H100: 1995.111 | I100: 176490.3 | J100: 1657818.9 | K100: 7.SEKUDUK 1 168 BIDANG.dwg | L100: 25.230-05.1 | M100: E4
A101: 873 | C101: 00112 | D101: Makmur | E101: 6101062512600002 | F101: KBN | G101: K3 | H101: 10195.923 | I101: 176516.88 | J101: 1657228.9 | K101: 7.SEKUDUK 1 168 BIDANG.dwg | L101: 25.230-01.8 | M101: A3
A102: 874 | C102: 00113 | D102: Ridwan | E102: 6101171705750001 | F102: KBN | G102: K3 | H102: 10490.874 | I102: 176519.57 | J102: 1657413 | K102: 7.SEKUDUK 1 168 BIDANG.dwg | L102: 25.230-01.8 | M102: A5
A103: 875 | C103: 00114 | D103: Aslia | E103: 6101066309850003 | F103: KBN | G103: K1 | H103: 4714.81 | I103: 176521.31 | J103: 1657584.2 | K103: 7.SEKUDUK 1 168 BIDANG.dwg | L103: 25.230-05.2 | M103: A1
A104: 876 | C104: 00115 | D104: Samsudi | E104: 6101060808650003 | F104: KBN | G104: K3 | H104: 3650.232 | I104: 176526.38 | J104: 1657471.7 | K104: 7.SEKUDUK 1 168 BIDANG.dwg | L104: 25.230-01.8 | M104: A5
A105: 877 | C105: 00116 | D105: Yusran, Sp | E105: 6101060812770005 | F105: KBN | G105: K1 | H105: 2887.765 | I105: 176532.57 | J105: 1657491.9 | K105: 7.SEKUDUK 1 168 BIDANG.dwg | L105: 25.230-01.8 | M105: A5
A106: 878 | C106: 00117 | D106: Karno | E106: 6101061205880003 | F106: KBN | G106: K1 | H106: 2037.651 | I106: 176536.27 | J106: 1657291.2 | K106: 7.SEKUDUK 1 168 BIDANG.dwg | L106: 25.230-01.8 | M106: A3
A107: 879 | C107: 00118 | D107: Samsunah | E107: 6101065510490001 | F107: KBN | G107: K3 | H107: 1600.999 | I107: 176540.37 | J107: 1657273.2 | K107: 7.SEKUDUK 1 168 BIDANG.dwg | L107: 25.230-01.8 | M107: A3
A108: 880 | C108: 00119 | D108: H.kardi/dalin | E108: 6101060406400001 | F108: KBN | G108: K3 | H108: 618.41 | I108: 176540.77 | J108: 1657894.8 | K108: 7.SEKUDUK 1 168 BIDANG.dwg | L108: 25.230-05.2 | M108: A4
... A114: 886 | C114: 00125 | D114: Uray Maulana | E114: 6101191606870003 | F114: RMH | G114: K3 | H114: 2251.562 | I114: 176569.43 | J114: 1657295.8 | K114: 7.SEKUDUK 1 168 BIDANG.dwg | L114: 25.230-01.8 | M114: A3
A115: 887 | C115: 00126 | D115: Jalan | E115: 6101061807630005 | H115: 56.466 | I115: 176572.77 | J115: 1657929.8 | K115: 7.SEKUDUK 1 168 BIDANG.dwg | L115: 25.230-05.2 | M115: A5
A116: 888 | C116: 00127 | D116: Marini | E116: 6101066208790002 | F116: KBN | G116: K3 | H116: 10797.444 | I116: 176576.42 | J116: 1657633 | K116: 7.SEKUDUK 1 168 BIDANG.dwg | L116: 25.230-05.2 | M116: A2
A117: 889 | C117: 00128 | D117: Sabirin | E117: 6101062404430002 | F117: KBN | G117: K3 | H117: 4737.791 | I117: 176577.15 | J117: 1657710 | K117: 7.SEKUDUK 1 168 BIDANG.dwg | L117: 25.230-05.2 | M117: A3
A118: 890 | C118: 00129 | D118: Hairupan | E118: 6101061008580002 | F118: KBN | G118: K3 | H118: 3517.109 | I118: 176586.71 | J118: 1657308.7 | K118: 7.SEKUDUK 1 168 BIDANG.dwg | L118: 25.230-01.8 | M118: A4
A119: 891 | C119: 00130 | D119: Summiati | E119: 6101066110880002 | F119: KBN | G119: K1 | H119: 1122.378 | I119: 176603.45 | J119: 1657413.6 | K119: 7.SEKUDUK 1 168 BIDANG.dwg | L119: 25.230-01.8 | M119: B5
A120: 892 | C120: 00131 | D120: Wahidah | E120: 6101066811580001 | F120: KBN | G120: K3 | H120: 7008.928 | I120: 176611.16 | J120: 1657473.2 | K120: 7.SEKUDUK 1 168 BIDANG.dwg | L120: 25.230-01.8 | M120: B5
A121: 893 | C121: 00132 | D121: Hamka | E121: 6101060402620004 | F121: KBN | G121: K3 | H121: 6504.338 | I121: 176614.39 | J121: 1657741.1 | K121: 7.SEKUDUK 1 168 BIDANG.dwg | L121: 25.230-05.2 | M121: B3
A122: 894 | C122: 00133 | D122: Dalin | E122: 6101060406400001 | F122: KBN | G122: K3 | H122: 2443.218 | I122: 176614.64 | J122: 1657869.2 | K122: 7.SEKUDUK 1 168 BIDANG.dwg | L122: 25.230-05.2 | M122: B4
A123: 895 | C123: 00134 | D123: Maizir | E123: 6101062310860001 | F123: KBN | G123: K3 | H123: 4450.154 | I123: 176615.72 | J123: 1657782.8 | K123: 7.SEKUDUK 1 168 BIDANG.dwg | L123: 25.230-05.2 | M123: B3
A124: 896 | C124: 00135 | D124: Hikmah | E124: 6101067112800001 | F124: KBN | G124: K1 | H124: 2056.713 | I124: 176615.96 | J124: 1657847.7 | K124: 7.SEKUDUK 1 168 BIDANG.dwg | L124: 25.230-05.2 | M124: B4
A125: 897 | C125: 00136 | D125: H.kardi/dalin | E125: 6101060406400001 | F125: KBN | G125: K3 | H125: 2563.639 | I125: 176616.3 | J125: 1657898.3 | K125: 7.SEKUDUK 1 168 BIDANG.dwg | L125: 25.230-05.2 | M125: B4
A126: 898 | C126: 00137 | D126: Husban, S.pd.i | E126: 6101062111700003 | F126: KBN | G126: K3 | H126: 4178.674 | I126: 176618.91 | J126: 1657488.9 | K126: 7.SEKUDUK 1 168 BIDANG.dwg | L126: 25.230-01.8 | M126: B5
A127: 899 | C127: 00138 | D127: H.hendri | E127: 6101062209730002 | F127: KBN | G127: K1 | H127: 1269.274 | I127: 176619.84 | J127: 1657922.4 | K127: 7.SEKUDUK 1 168 BIDANG.dwg | L127: 25.230-05.2 | M127: B5
A128: 900 | C128: 00139 | D128: Jalan | E128: 6101061807630005 | H128: 559.927 | I128: 176624.09 | J128: 1657933.3 | K128: 7.SEKUDUK 1 168 BIDANG.dwg | L128: 25.230-05.2 | M128: B5
A129: 901 | C129: 00140 | D129: Zarhah | E129: 6101064512540002 | F129: KBN | G129: K1 | H129: 5206.562 | I129: 176625.99 | J129: 1657502 | K129: 7.SEKUDUK 1 168 BIDANG.dwg | L129: 25.230-05.2 | M129: B1
A130: 902 | C130: 00141 | D130: Diwan | E130: 6171041010760003 | F130: KBN | G130: K1 | H130: 2193.987 | I130: 176627.14 | J130: 1657311.3 | K130: 7.SEKUDUK 1 168 BIDANG.dwg | L130: 25.230-01.8 | M130: B4
A131: 903 | C131: 00142 | D131: Rubiha | E131: 6101061807630005 | F131: KBN | G131: K3 | H131: 2739.851 | I131: 176632.1 | J131: 1657380.9 | K131: 7.SEKUDUK 1 168 BIDANG.dwg | L131: 25.230-01.8 | M131: B4
A132: 904 | C132: 00143 | D132: Nuraliah | E132: 6101065807810004 | F132: KBN | G132: K3 | H132: 6696.141 | I132: 176644.61 | J132: 1657819.9 | K132: 7.SEKUDUK 1 168 BIDANG.dwg | L132: 25.230-05.2 | M132: B4
A133: 905 | C133: 00144 | D133: Musni | E133: 6101061807630005 | F133: KBN | G133: K3 | H133: 2695.19 | I133: 176663.08 | J133: 1657402.2 | K133: 7.SEKUDUK 1 168 BIDANG.dwg | L133: 25.230-01.8 | M133: B5
A134: 906 | C134: 00145 | D134: Hasbi | E134: 6101060204670003 | F134: KBN | G134: K1 | H134: 2672.071 | I134: 176668.72 | J134: 1657420.4 | K134: 7.SEKUDUK 1 168 BIDANG.dwg | L134: 25.230-01.8 | M134: B5
A135: 907 | C135: 00146 | D135: Nahari | E135: 6101060602480002 | F135: KBN | G135: K3 | H135: 6680.41 | I135: 176672.81 | J135: 1657645.1 | K135: 7.SEKUDUK 1 168 BIDANG.dwg | L135: 25.230-05.2 | M135: B2
A136: 908 | C136: 00147 | D136: Nuraliah | E136: 6101065807810004 | F136: KBN | G136: K3 | H136: 2183.357 | I136: 176675.19 | J136: 1657900.2 | K136: 7.SEKUDUK 1 168 BIDANG.dwg | L136: 25.230-05.2 | M136: B5
A137: 909 | C137: 00148 | D137: M.fiqri | E137: 6101062803960004 | F137: KBN | G137: K1 | H137: 1272.142 | I137: 176677.79 | J137: 1657375.4 | K137: 7.SEKUDUK 1 168 BIDANG.dwg | L137: 25.230-01.8 | M137: B4
A138: 910 | C138: 00149 | D138: Jalan | E138: 6101061807630005 | H138: 17.074 | I138: 176678.98 | J138: 1657936.8 | K138: 7.SEKUDUK 1 168 BIDANG.dwg | L138: 25.230-05.2 | M138: B5
A139: 911 | C139: 00150 | D139: Malik | E139: 6101061012630003 | F139: RMH | G139: K3 | H139: 2362.573 | I139: 176684.22 | J139: 1657489.9 | K139: 7.SEKUDUK 1 168 BIDANG.dwg | L139: 25.230-01.8 | M139: B5
A140: 912 | C140: 00151 | D140: Wafidah | E140: 6101064912730003 | F140: KBN | G140: K1 | H140: 805.001 | I140: 176690.34 | J140: 1657856.6 | K140: 7.SEKUDUK 1 168 BIDANG.dwg | L140: 25.230-05.2 | M140: B4
A141: 913 | C141: 00152 | D141: Gustina | E141: 6101066803830002 | F141: KBN | G141: K1 | H141: 5443.177 | I141: 176704.85 | J141: 1657505.2 | K141: 7.SEKUDUK 1 168 BIDANG.dwg | L141: 25.230-05.2 | M141: C1
A142: 914 | C142: 00153 | D142: Hamri | E142: 6101060507790004 | F142: KBN | G142: K3 | H142: 7572.379 | I142: 176705.8 | J142: 1657707.8 | K142: 7.SEKUDUK 1 168 BIDANG.dwg | L142: 25.230-05.2 | M142: C3
A143: 915 | C143: 00154 | D143: Balkhi | E143: 6101063005700002 | F143: KBN | G143: K3 | H143: 661.582 | I143: 176719.09 | J143: 1657805.8 | K143: 7.SEKUDUK 1 168 BIDANG.dwg | L143: 25.230-05.2 | M143: C4
A144: 916 | C144: 00155 | D144: Jalan | E144: 6101061807630005 | H144: 1211.288 | I144: 176734.55 | J144: 1657818.1 | K144: 7.SEKUDUK 1 168 BIDANG.dwg | L144: 25.230-05.2 | M144: C4
A145: 917 | C145: 00156 | D145: Nasobar | E145: 6101060412680003 | F145: KBN | G145: K1 | H145: 1369.608 | I145: 176741.48 | J145: 1657780.4 | K145: 7.SEKUDUK 1 168 BIDANG.dwg | L145: 25.230-05.2 | M145: C3
A146: 918 | C146: 00157 | D146: Nuraliah | E146: 6101065807810004 | F146: KBN | G146: K3 | H146: 7368.723 | I146: 176758.92 | J146: 1657900.9 | K146: 7.SEKUDUK 1 168 BIDANG.dwg | L146: 25.230-05.2 | M146: C5
A147: 919 | C147: 00158 | D147: Munadi | E147: 6101062003700002 | F147: KBN | G147: K3 | H147: 1594.322 | I147: 176764.73 | J147: 1657935.5 | K147: 7.SEKUDUK 1 168 BIDANG.dwg | L147: 25.230-05.2 | M147: C5
A148: 920 | C148: 00159 | D148: Jalan | E148: 6101061807630005 | H148: 990.872 | I148: 176765.3 | J148: 1657945.3 | K148: 7.SEKUDUK 1 168 BIDANG.dwg | L148: 25.230-05.2 | M148: C5
A149: 921 | C149: 00160 | D149: Ridwan | E149: 6101171705750001 | F149: RMH | G149: K3 | H149: 562.934 | I149: 176768.14 | J149: 1657449.7 | K149: 7.SEKUDUK 1 168 BIDANG.dwg | L149: 25.230-01.8 | M149: C5
A150: 922 | C150: 00161 | D150: Sunardi | E150: 6101061807630005 | F150: KBN | G150: K3 | H150: 8819.824 | I150: 176768.75 | J150: 1657524.7 | K150: 7.SEKUDUK 1 168 BIDANG.dwg | L150: 25.230-05.2 | M150: C1
A151: 923 | C151: 00162 | D151: Balkhi | E151: 6101063005700002 | F151: KBN | G151: K3 | H151: 3232.321 | I151: 176772.8 | J151: 1657797.7 | K151: 7.SEKUDUK 1 168 BIDANG.dwg | L151: 25.230-05.2 | M151: C3
A152: 924 | C152: 00163 | D152: Atri Sinta | E152: 6101064505920003 | F152: KBN | G152: K3 | H152: 6044.836 | I152: 176778.15 | J152: 1657734.9 | K152: 7.SEKUDUK 1 168 BIDANG.dwg | L152: 25.230-05.2 | M152: C3
A153: 925 | C153: 00164 | D153: Makam | E153: 6101061807630005 | F153: KBN | G153: K3 | H153: 16755.266 | I153: 176780 | J153: 1657635.4 | K153: 7.SEKUDUK 1 168 BIDANG.dwg | L153: 25.230-05.2 | M153: C2
A154: 926 | C154: 00165 | D154: Wafidah | E154: 6101064912730003 | F154: KBN | G154: K1 | H154: 3221.913 | I154: 176786.82 | J154: 1657861.3 | K154: 7.SEKUDUK 1 168 BIDANG.dwg | L154: 25.230-05.2 | M154: C4
A155: 927 | C155: 00166 | D155: Yanto | E155: 6101060503720002 | F155: KBN | G155: K3 | H155: 3294.238 | I155: 176788.22 | J155: 1657835.1 | K155: 7.SEKUDUK 1 168 BIDANG.dwg | L155: 25.230-05.2 | M155: C4
A156: 928 | C156: 00167 | D156: Johan | E156: 6101061807630005 | F156: KBN | G156: K3 | H156: 252.192 | I156: 176788.78 | J156: 1657759.9 | K156: 7.SEKUDUK 1 168 BIDANG.dwg | L156: 25.230-05.2 | M156: C3
A157: 929 | C157: 00168 | D157: Sungai | E157: 6101061807630005 | H157: 4889.268 | I157: 176819.37 | J157: 1657609.2 | K157: 7.SEKUDUK 1 168 BIDANG.dwg | L157: 25.230-05.2 | M157: D2
A158: 930 | C158: 00169 | D158: Tanah Pusaka | E158: 6101061807630005 | F158: KBN | G158: K3 | H158: 1298.939 | I158: 176830.63 | J158: 1657541.8 | K158: 7.SEKUDUK 1 168 BIDANG.dwg | L158: 25.230-05.2 | M158: D1
A159: 931 | C159: 00170 | D159: Maizir | E159: 6101062310860001 | F159: KBN | G159: K3 | H159: 3495.715 | I159: 176831.04 | J159: 1657763.2 | K159: 7.SEKUDUK 1 168 BIDANG.dwg | L159: 25.230-05.2 | M159: D3
A160: 932 | C160: 00171 | D160: Jiran.z | E160: 6101060803400001 | F160: KBN | G160: K3 | H160: 1124.73 | I160: 176842.74 | J160: 1657935.7 | K160: 7.SEKUDUK 1 168 BIDANG.dwg | L160: 25.230-05.2 | M160: D5
A161: 933 | C161: 00172 | D161: Tanah Desa | E161: 6101061807630005 | F161: KBN | G161: K3 | H161: 2329.34 | I161: 176844.51 | J161: 1657903.1 | K161: 7.SEKUDUK 1 168 BIDANG.dwg | L161: 25.230-05.2 | M161: D5
A162: 934 | C162: 00173 | D162: Jalan | E162: 6101061807630005 | H162: 95.334 | I162: 176845.77 | J162: 1657956.1 | K162: 7.SEKUDUK 1 168 BIDANG.dwg | L162: 25.230-05.2 | M162: D5
A163: 935 | C163: 00174 | D163: Sinta | E163: 6101061807630005 | F163: KBN | G163: K3 | H163: 869.808 | I163: 176857.14 | J163: 1657732.9 | K163: 7.SEKUDUK 1 168 BIDANG.dwg | L163: 25.230-05.2 | M163: D3
A164: 936 | C164: 00175 | D164: Saluran Air | E164: 6101061807630005 | H164: 164.36 | I164: 176858.73 | J164: 1657947.5 | K164: 7.SEKUDUK 1 168 BIDANG.dwg | L164: 25.230-05.2 | M164: D5
A165: 937 | C165: 00176 | D165: Sungai | E165: 6101061807630005 | H165: 5821.132 | I165: 176858.81 | J165: 1657831.2 | K165: 7.SEKUDUK 1 168 BIDANG.dwg | L165: 25.230-05.2 | M165: D4
A166: 938 | C166: 00177 | D166: Jiran.z | E166: 6101060803400001 | F166: KBN | G166: K3 | H166: 330.166 | I166: 176864.37 | J166: 1657954.2 | K166: 7.SEKUDUK 1 168 BIDANG.dwg | L166: 25.230-05.2 | M166: D5
A167: 939 | C167: 00178 | D167: Jalan | E167: 6101061807630005 | H167: 191.206 | I167: 176864.4 | J167: 1657963.4 | K167: 7.SEKUDUK 1 168 BIDANG.dwg | L167: 25.230-05.2 | M167: D5
A168: 940 | C168: 00179 | D168: Jalan | E168: 6101061807630005 | H168: 94.96 | I168: 176880.98 | J168: 1657696 | K168: 7.SEKUDUK 1 168 BIDANG.dwg | L168: 25.230-05.2 | M168: D2
...

Sheet Sheet1
A1: NUB | B1: NOP | C1: NIB | D1: NAMA | E1: NIK | F1: KONDISI | G1: NOHAK | H1: LUAS | I1: X | J1: Y | K1: DWGNAME | L1: NoLembar | M1: NoKotak
A2: 774 | C2: 00013 | D2: Tamrin | E2: 6101061807630004 | F2: KBN | G2: K3 | H2: 14735.631 | I2: 175632.01 | J2: 1657782.5 | K2: 7.SEKUDUK 1 168 BIDANG.dwg | L2: 24.230-08.3 | M2: B3
A3: 775 | C3: 00014 | D3: Samsul | E3: 6101061807630004 | F3: KBN | G3: K3 | H3: 2808.636 | I3: 175643.66 | J3: 1657636.2 | K3: 7.SEKUDUK 1 168 BIDANG.dwg | L3: 24.230-08.3 | M3: B2
A4: 776 | C4: 00015 | D4: Marpuah | E4: 6101064207530003 | F4: KBN | G4: K3 | H4: 16774.374 | I4: 175706.82 | J4: 1657769.5 | K4: 7.SEKUDUK 1 168 BIDANG.dwg | L4: 24.230-08.3 | M4: C3
A5: 777 | C5: 00016 | D5: Mutamam Alm | E5: 6101060306600004 | F5: KBN | G5: K3 | H5: 5963.756 | I5: 175711.48 | J5: 1657959.1 | K5: 7.SEKUDUK 1 168 BIDANG.dwg | L5: 24.230-08.3 | M5: C5
A6: 778 | C6: 00017 | D6: Sabiran | E6: 6101061801690002 | F6: KBN | G6: K3 | H6: 6305.239 | I6: 175749.98 | J6: 1657952 | K6: 7.SEKUDUK 1 168 BIDANG.dwg | L6: 24.230-08.3 | M6: C5
A7: 779 | C7: 00018 | D7: Wafida | E7: 6101061807630004 | F7: KBN | G7: K3 | H7: 17411.955 | I7: 175756.08 | J7: 1657711.4 | K7: 7.SEKUDUK 1 168 BIDANG.dwg | L7: 24.230-08.3 | M7: C3
A8: 780 | C8: 00019 | D8: Azizah | E8: 6101065012850001 | F8: KBN | G8: K3 | H8: 5789.745 | I8: 175787.07 | J8: 1657945.9 | K8: 7.SEKUDUK 1 168 BIDANG.dwg | L8: 24.230-08.3 | M8: C5
A9: 781 | C9: 00020 | D9: Mutamam Alm | E9: 6101060306600004 | F9: KBN | G9: K3 | H9: 5625.848 | I9: 175809.63 | J9: 1657922.2 | K9: 7.SEKUDUK 1 168 BIDANG.dwg | L9: 24.230-08.3 | M9: D5
A10: 782 | C10: 00021 | D10: Tarmuzi | E10: 6101062809850001 | F10: KBN | G10: K3 | H10: 9900.409 | I10: 175816.58 | J10: 1657706 | K10: 7.SEKUDUK 1 168 BIDANG.dwg | L10: 24.230-08.3 | M10: D3
A11: 783 | C11: 00022 | D11: Rusminin | E11: 6101060301710002 | F11: KBN | G11: K3 | H11: 7695.763 | I11: 175842.05 | J11: 1657918.6 | K11: 7.SEKUDUK 1 168 BIDANG.dwg | L11: 24.230-08.3 | M11: D5
A12: 784 | C12: 00023 | D12: Wafida | E12: 6101066307670001 | F12: KBN | G12: K1 | H12: 17234.72 | I12: 175850.14 | J12: 1657627.1 | K12: 7.SEKUDUK 1 168 BIDANG.dwg | L12: 24.230-08.3 | M12: D2
A13: 785 | C13: 00024 | D13: Musfalah | E13: 6101064103750003 | F13: KBN | G13: K1 | H13: 8642.368 | I13: 175859.82 | J13: 1657704.1 | K13: 7.SEKUDUK 1 168 BIDANG.dwg | L13: 24.230-08.3 | M13: D3
... A59: 831 | C59: 00070 | D59: Hajali | E59: 6101061502880003 | F59: KBN | G59: K3 | H59: 2390.038 | I59: 176243.77 | J59: 1657195.2 | K59: 7.SEKUDUK 1 168 BIDANG.dwg | L59: 25.230-01.7 | M59: C2
A60: 832 | C60: 00071 | D60: Jalan | E60: 6101061807630005 | H60: 4159.353 | I60: 176244.75 | J60: 1657970 | K60: 7.SEKUDUK 1 168 BIDANG.dwg | L60: 25.230-05.1 | M60: C5
A61: 833 | C61: 00072 | D61: Saluran Air | E61: 6101061807630005 | H61: 5075.172 | I61: 176244.81 | J61: 1657975.2 | K61: 7.SEKUDUK 1 168 BIDANG.dwg | L61: 25.230-05.1 | M61: C5
A62: 834 | C62: 00073 | D62: Hasman | E62: 6101061807630004 | F62: KBN | G62: K3 | H62: 1202.814 | I62: 176245.51 | J62: 1657010.6 | K62: 7.SEKUDUK 1 168 BIDANG.dwg | L62: 25.230-01.7 | M62: C1
A63: 835 | C63: 00074 | D63: Ikhwan | E63: 6101060909730002 | F63: KBN | G63: K1 | H63: 4101.28 | I63: 176245.68 | J63: 1657357.6 | K63: 7.SEKUDUK 1 168 BIDANG.dwg | L63: 25.230-01.7 | M63: C4
A64: 836 | C64: 00075 | D64: Sapar | E64: 6101061807630004 | F64: KBN | G64: K3 | H64: 6273.857 | I64: 176256.48 | J64: 1657079.5 | K64: 7.SEKUDUK 1 168 BIDANG.dwg | L64: 25.230-01.7 | M64: C1
A65: 837 | C65: 00076 | D65: Wal'ah | E65: 6101066003690001 | F65: KBN | G65: K3 | H65: 3771.257 | I65: 176268.41 | J65: 1657668.3 | K65: 7.SEKUDUK 1 168 BIDANG.dwg | L65: 25.230-05.1 | M65: C2
A66: 838 | C66: 00077 | D66: Erlian | E66: 6101060608650003 | F66: KBN | G66: K3 | H66: 1800.489 | I66: 176276.23 | J66: 1657091.5 | K66: 7.SEKUDUK 1 168 BIDANG.dwg | L66: 25.230-01.7 | M66: C1
A67: 839 | C67: 00078 | D67: Nuraliah | E67: 6101065807810004 | F67: KBN | G67: K3 | H67: 10385.355 | I67: 176279.93 | J67: 1657813.3 | K67: 7.SEKUDUK 1 168 BIDANG.dwg | L67: 25.230-05.1 | M67: C4
A68: 840 | C68: 00079 | D68: Herlian | E68: 6101061807630004 | F68: KBN | G68: K3 | H68: 10596.664 | I68: 176294.9 | J68: 1657872.1 | K68: 7.SEKUDUK 1 168 BIDANG.dwg | L68: 25.230-05.1 | M68: C4
A69: 841 | C69: 00080 | D69: Rahmi Anggraini | E69: 6101066803100001 | F69: KBN | G69: K3 | H69: 6042.582 | I69: 176294.99 | J69: 1657678.9 | K69: 7.SEKUDUK 1 168 BIDANG.dwg | L69: 25.230-05.1 | M69: C2
A70: 842 | C70: 00081 | D70: Ika Zulaika | E70: 6101065910930001 | F70: KBN | G70: K1 | H70: 5324.624 | I70: 176295.91 | J70: 1657401.1 | K70: 7.SEKUDUK 1 168 BIDANG.dwg | L70: 25.230-01.7 | M70: C5
A71: 843 | C71: 00082 | D71: Husin | E71: 6101062205830002 | F71: KBN | G71: K3 | H71: 6410.745 | I71: 176296.45 | J71: 1657524.6 | K71: 7.SEKUDUK 1 168 BIDANG.dwg | L71: 25.230-05.1 | M71: C1
A72: 844 | C72: 00083 | D72: Husban, S.pd.i | E72: 6101062111700003 | F72: KBN | G72: K3 | H72: 4333.875 | I72: 176309.63 | J72: 1657698.2 | K72: 7.SEKUDUK 1 168 BIDANG.dwg | L72: 25.230-05.1 | M72: D2
A73: 845 | C73: 00084 | D73: Husin | E73: 6101062205830002 | F73: KBN | G73: K3 | H73: 13600.801 | I73: 176311.4 | J73: 1657153.9 | K73: 7.SEKUDUK 1 168 BIDANG.dwg | L73: 25.230-01.7 | M73: D2
... A92: 864 | C92: 00103 | D92: Zamhuri Noer, Amd | E92: 6101060202760002 | F92: KBN | G92: K3 | H92: 7967.213 | I92: 176442.44 | J92: 1657361.2 | K92: 7.SEKUDUK 1 168 BIDANG.dwg | L92: 25.230-01.7 | M92: E4
A93: 865 | C93: 00104 | D93: Saluran Air | E93: 6101061807630005 | H93: 3277.756 | I93: 176442.49 | J93: 1657674.5 | K93: 7.SEKUDUK 1 168 BIDANG.dwg | L93: 25.230-05.1 | M93: E2
A94: 866 | C94: 00105 | D94: Dina Uswatun Hasanah | E94: 6101066708970003 | F94: KBN | G94: K1 | H94: 7079.278 | I94: 176446.11 | J94: 1657210.7 | K94: 7.SEKUDUK 1 168 BIDANG.dwg | L94: 25.230-01.7 | M94: E3
A95: 867 | C95: 00106 | D95: Jalan | E95: 6101061807630005 | H95: 8051.555 | I95: 176447.99 | J95: 1657669.9 | K95: 7.SEKUDUK 1 168 BIDANG.dwg | L95: 25.230-05.1 | M95: E2
A96: 868 | C96: 00107 | D96: Saluran Air | E96: 6101061807630005 | H96: 3292.226 | I96: 176456.18 | J96: 1657668.3 | K96: 7.SEKUDUK 1 168 BIDANG.dwg | L96: 25.230-05.1 | M96: E2
A97: 869 | C97: 00108 | D97: Husban, S.pd.i | E97: 6101062111700003 | F97: KBN | G97: K3 | H97: 1687.987 | I97: 176459.08 | J97: 1657601.7 | K97: 7.SEKUDUK 1 168 BIDANG.dwg | L97: 25.230-05.1 | M97: E2
A98: 870 | C98: 00109 | D98: Abdiah | E98: 6101065009450001 | F98: KBN | G98: K3 | H98: 2463.148 | I98: 176479.61 | J98: 1657888 | K98: 7.SEKUDUK 1 168 BIDANG.dwg | L98: 25.230-05.1 | M98: E4
A99: 871 | C99: 00110 | D99: Ita Lestari | E99: 6101064105910002 | F99: KBN | G99: K3 | H99: 2700.493 | I99: 176489.46 | J99: 1657391.6 | K99: 7.SEKUDUK 1 168 BIDANG.dwg | L99: 25.230-01.7 | M99: E4
A100: 872 | C100: 00111 | D100: Hikmah | E100: 6101067112800001 | F100: KBN | G100: K1 | H100: 1995.111 | I100: 176490.3 | J100: 1657818.9 | K100: 7.SEKUDUK 1 168 BIDANG.dwg | L100: 25.230-05.1 | M100: E4
A101: 873 | C101: 00112 | D101: Makmur | E101: 6101062512600002 | F101: KBN | G101: K3 | H101: 10195.923 | I101: 176516.88 | J101: 1657228.9 | K101: 7.SEKUDUK 1 168 BIDANG.dwg | L101: 25.230-01.8 | M101: A3
A102: 874 | C102: 00113 | D102: Ridwan | E102: 6101171705750001 | F102: KBN | G102: K3 | H102: 10490.874 | I102: 176519.57 | J102: 1657413 | K102: 7.SEKUDUK 1 168 BIDANG.dwg | L102: 25.230-01.8 | M102: A5
A103: 875 | C103: 00114 | D103: Aslia | E103: 6101066309850003 | F103: KBN | G103: K1 | H103: 4714.81 | I103: 176521.31 | J103: 1657584.2 | K103: 7.SEKUDUK 1 168 BIDANG.dwg | L103: 25.230-05.2 | M103: A1
A104: 876 | C104: 00115 | D104: Samsudi | E104: 6101060808650003 | F104: KBN | G104: K3 | H104: 3650.232 | I104: 176526.38 | J104: 1657471.7 | K104: 7.SEKUDUK 1 168 BIDANG.dwg | L104: 25.230-01.8 | M104: A5
A105: 877 | C105: 00116 | D105: Yusran, Sp | E105: 6101060812770005 | F105: KBN | G105: K1 | H105: 2887.765 | I105: 176532.57 | J105: 1657491.9 | K105: 7.SEKUDUK 1 168 BIDANG.dwg | L105: 25.230-01.8 | M105: A5
A106: 878 | C106: 00117 | D106: Karno | E106: 6101061205880003 | F106: KBN | G106: K1 | H106: 2037.651 | I106: 176536.27 | J106: 1657291.2 | K106: 7.SEKUDUK 1 168 BIDANG.dwg | L106: 25.230-01.8 | M106: A3
A107: 879 | C107: 00118 | D107: Samsunah | E107: 6101065510490001 | F107: KBN | G107: K3 | H107: 1600.999 | I107: 176540.37 | J107: 1657273.2 | K107: 7.SEKUDUK 1 168 BIDANG.dwg | L107: 25.230-01.8 | M107: A3
A108: 880 | C108: 00119 | D108: H.kardi/dalin | E108: 6101060406400001 | F108: KBN | G108: K3 | H108: 618.41 | I108: 176540.77 | J108: 1657894.8 | K108: 7.SEKUDUK 1 168 BIDANG.dwg | L108: 25.230-05.2 | M108: A4
... A114: 886 | C114: 00125 | D114: Uray Maulana | E114: 6101191606870003 | F114: RMH | G114: K3 | H114: 2251.562 | I114: 176569.43 | J114: 1657295.8 | K114: 7.SEKUDUK 1 168 BIDANG.dwg | L114: 25.230-01.8 | M114: A3
A115: 887 | C115: 00126 | D115: Jalan | E115: 6101061807630005 | H115: 56.466 | I115: 176572.77 | J115: 1657929.8 | K115: 7.SEKUDUK 1 168 BIDANG.dwg | L115: 25.230-05.2 | M115: A5
A116: 888 | C116: 00127 | D116: Marini | E116: 6101066208790002 | F116: KBN | G116: K3 | H116: 10797.444 | I116: 176576.42 | J116: 1657633 | K116: 7.SEKUDUK 1 168 BIDANG.dwg | L116: 25.230-05.2 | M116: A2
A117: 889 | C117: 00128 | D117: Sabirin | E117: 6101062404430002 | F117: KBN | G117: K3 | H117: 4737.791 | I117: 176577.15 | J117: 1657710 | K117: 7.SEKUDUK 1 168 BIDANG.dwg | L117: 25.230-05.2 | M117: A3
A118: 890 | C118: 00129 | D118: Hairupan | E118: 6101061008580002 | F118: KBN | G118: K3 | H118: 3517.109 | I118: 176586.71 | J118: 1657308.7 | K118: 7.SEKUDUK 1 168 BIDANG.dwg | L118: 25.230-01.8 | M118: A4
A119: 891 | C119: 00130 | D119: Summiati | E119: 6101066110880002 | F119: KBN | G119: K1 | H119: 1122.378 | I119: 176603.45 | J119: 1657413.6 | K119: 7.SEKUDUK 1 168 BIDANG.dwg | L119: 25.230-01.8 | M119: B5
A120: 892 | C120: 00131 | D120: Wahidah | E120: 6101066811580001 | F120: KBN | G120: K3 | H120: 7008.928 | I120: 176611.16 | J120: 1657473.2 | K120: 7.SEKUDUK 1 168 BIDANG.dwg | L120: 25.230-01.8 | M120: B5
A121: 893 | C121: 00132 | D121: Hamka | E121: 6101060402620004 | F121: KBN | G121: K3 | H121: 6504.338 | I121: 176614.39 | J121: 1657741.1 | K121: 7.SEKUDUK 1 168 BIDANG.dwg | L121: 25.230-05.2 | M121: B3
A122: 894 | C122: 00133 | D122: Dalin | E122: 6101060406400001 | F122: KBN | G122: K3 | H122: 2443.218 | I122: 176614.64 | J122: 1657869.2 | K122: 7.SEKUDUK 1 168 BIDANG.dwg | L122: 25.230-05.2 | M122: B4
A123: 895 | C123: 00134 | D123: Maizir | E123: 6101062310860001 | F123: KBN | G123: K3 | H123: 4450.154 | I123: 176615.72 | J123: 1657782.8 | K123: 7.SEKUDUK 1 168 BIDANG.dwg | L123: 25.230-05.2 | M123: B3
A124: 896 | C124: 00135 | D124: Hikmah | E124: 6101067112800001 | F124: KBN | G124: K1 | H124: 2056.713 | I124: 176615.96 | J124: 1657847.7 | K124: 7.SEKUDUK 1 168 BIDANG.dwg | L124: 25.230-05.2 | M124: B4
A125: 897 | C125: 00136 | D125: H.kardi/dalin | E125: 6101060406400001 | F125: KBN | G125: K3 | H125: 2563.639 | I125: 176616.3 | J125: 1657898.3 | K125: 7.SEKUDUK 1 168 BIDANG.dwg | L125: 25.230-05.2 | M125: B4
A126: 898 | C126: 00137 | D126: Husban, S.pd.i | E126: 6101062111700003 | F126: KBN | G126: K3 | H126: 4178.674 | I126: 176618.91 | J126: 1657488.9 | K126: 7.SEKUDUK 1 168 BIDANG.dwg | L126: 25.230-01.8 | M126: B5
A127: 899 | C127: 00138 | D127: H.hendri | E127: 6101062209730002 | F127: KBN | G127: K1 | H127: 1269.274 | I127: 176619.84 | J127: 1657922.4 | K127: 7.SEKUDUK 1 168 BIDANG.dwg | L127: 25.230-05.2 | M127: B5
A128: 900 | C128: 00139 | D128: Jalan | E128: 6101061807630005 | H128: 559.927 | I128: 176624.09 | J128: 1657933.3 | K128: 7.SEKUDUK 1 168 BIDANG.dwg | L128: 25.230-05.2 | M128: B5
A129: 901 | C129: 00140 | D129: Zarhah | E129: 6101064512540002 | F129: KBN | G129: K1 | H129: 5206.562 | I129: 176625.99 | J129: 1657502 | K129: 7.SEKUDUK 1 168 BIDANG.dwg | L129: 25.230-05.2 | M129: B1
A130: 902 | C130: 00141 | D130: Diwan | E130: 6171041010760003 | F130: KBN | G130: K1 | H130: 2193.987 | I130: 176627.14 | J130: 1657311.3 | K130: 7.SEKUDUK 1 168 BIDANG.dwg | L130: 25.230-01.8 | M130: B4
A131: 903 | C131: 00142 | D131: Rubiha | E131: 6101061807630004 | F131: KBN | G131: K3 | H131: 2739.851 | I131: 176632.1 | J131: 1657380.9 | K131: 7.SEKUDUK 1 168 BIDANG.dwg | L131: 25.230-01.8 | M131: B4
A132: 904 | C132: 00143 | D132: Nuraliah | E132: 6101065807810004 | F132: KBN | G132: K3 | H132: 6696.141 | I132: 176644.61 | J132: 1657819.9 | K132: 7.SEKUDUK 1 168 BIDANG.dwg | L132: 25.230-05.2 | M132: B4
A133: 905 | C133: 00144 | D133: Musni | E133: 6101061807630004 | F133: KBN | G133: K3 | H133: 2695.19 | I133: 176663.08 | J133: 1657402.2 | K133: 7.SEKUDUK 1 168 BIDANG.dwg | L133: 25.230-01.8 | M133: B5
A134: 906 | C134: 00145 | D134: Hasbi | E134: 6101060204670003 | F134: KBN | G134: K1 | H134: 2672.071 | I134: 176668.72 | J134: 1657420.4 | K134: 7.SEKUDUK 1 168 BIDANG.dwg | L134: 25.230-01.8 | M134: B5
A135: 907 | C135: 00146 | D135: Nahari | E135: 6101060602480002 | F135: KBN | G135: K3 | H135: 6680.41 | I135: 176672.81 | J135: 1657645.1 | K135: 7.SEKUDUK 1 168 BIDANG.dwg | L135: 25.230-05.2 | M135: B2
A136: 908 | C136: 00147 | D136: Nuraliah | E136: 6101065807810004 | F136: KBN | G136: K3 | H136: 2183.357 | I136: 176675.19 | J136: 1657900.2 | K136: 7.SEKUDUK 1 168 BIDANG.dwg | L136: 25.230-05.2 | M136: B5
A137: 909 | C137: 00148 | D137: M.fiqri | E137: 6101062803960004 | F137: KBN | G137: K1 | H137: 1272.142 | I137: 176677.79 | J137: 1657375.4 | K137: 7.SEKUDUK 1 168 BIDANG.dwg | L137: 25.230-01.8 | M137: B4
A138: 910 | C138: 00149 | D138: Jalan | E138: 6101061807630005 | H138: 17.074 | I138: 176678.98 | J138: 1657936.8 | K138: 7.SEKUDUK 1 168 BIDANG.dwg | L138: 25.230-05.2 | M138: B5
A139: 911 | C139: 00150 | D139: Malik | E139: 6101061012630003 | F139: RMH | G139: K3 | H139: 2362.573 | I139: 176684.22 | J139: 1657489.9 | K139: 7.SEKUDUK 1 168 BIDANG.dwg | L139: 25.230-01.8 | M139: B5
A140: 912 | C140: 00151 | D140: Wafidah | E140: 6101064912730003 | F140: KBN | G140: K1 | H140: 805.001 | I140: 176690.34 | J140: 1657856.6 | K140: 7.SEKUDUK 1 168 BIDANG.dwg | L140: 25.230-05.2 | M140: B4
A141: 913 | C141: 00152 | D141: Gustina | E141: 6101066803830002 | F141: KBN | G141: K1 | H141: 5443.177 | I141: 176704.85 | J141: 1657505.2 | K141: 7.SEKUDUK 1 168 BIDANG.dwg | L141: 25.230-05.2 | M141: C1
A142: 914 | C142: 00153 | D142: Hamri | E142: 6101060507790004 | F142: KBN | G142: K3 | H142: 7572.379 | I142: 176705.8 | J142: 1657707.8 | K142: 7.SEKUDUK 1 168 BIDANG.dwg | L142: 25.230-05.2 | M142: C3
A143: 915 | C143: 00154 | D143: Balkhi | E143: 6101063005700002 | F143: KBN | G143: K3 | H143: 661.582 | I143: 176719.09 | J143: 1657805.8 | K143: 7.SEKUDUK 1 168 BIDANG.dwg | L143: 25.230-05.2 | M143: C4
A144: 916 | C144: 00155 | D144: Jalan | E144: 6101061807630005 | H144: 1211.288 | I144: 176734.55 | J144: 1657818.1 | K144: 7.SEKUDUK 1 168 BIDANG.dwg | L144: 25.230-05.2 | M144: C4
A145: 917 | C145: 00156 | D145: Nasobar | E145: 6101060412680003 | F145: KBN | G145: K1 | H145: 1369.608 | I145: 176741.48 | J145: 1657780.4 | K145: 7.SEKUDUK 1 168 BIDANG.dwg | L145: 25.230-05.2 | M145: C3
A146: 918 | C146: 00157 | D146: Nuraliah | E146: 6101065807810004 | F146: KBN | G146: K3 | H146: 7368.723 | I146: 176758.92 | J146: 1657900.9 | K146: 7.SEKUDUK 1 168 BIDANG.dwg | L146: 25.230-05.2 | M146: C5
A147: 919 | C147: 00158 | D147: Munadi | E147: 6101062003700002 | F147: KBN | G147: K3 | H147: 1594.322 | I147: 176764.73 | J147: 1657935.5 | K147: 7.SEKUDUK 1 168 BIDANG.dwg | L147: 25.230-05.2 | M147: C5
A148: 920 | C148: 00159 | D148: Jalan | E148: 6101061807630005 | H148: 990.872 | I148: 176765.3 | J148: 1657945.3 | K148: 7.SEKUDUK 1 168 BIDANG.dwg | L148: 25.230-05.2 | M148: C5
A149: 921 | C149: 00160 | D149: Ridwan | E149: 6101171705750001 | F149: RMH | G149: K3 | H149: 562.934 | I149: 176768.14 | J149: 1657449.7 | K149: 7.SEKUDUK 1 168 BIDANG.dwg | L149: 25.230-01.8 | M149: C5
A150: 922 | C150: 00161 | D150: Sunardi | E150: 6101061807630004 | F150: KBN | G150: K3 | H150: 8819.824 | I150: 176768.75 | J150: 1657524.7 | K150: 7.SEKUDUK 1 168 BIDANG.dwg | L150: 25.230-05.2 | M150: C1
A151: 923 | C151: 00162 | D151: Balkhi | E151: 6101063005700002 | F151: KBN | G151: K3 | H151: 3232.321 | I151: 176772.8 | J151: 1657797.7 | K151: 7.SEKUDUK 1 168 BIDANG.dwg | L151: 25.230-05.2 | M151: C3
A152: 924 | C152: 00163 | D152: Atri Sinta | E152: 6101064505920003 | F152: KBN | G152: K3 | H152: 6044.836 | I152: 176778.15 | J152: 1657734.9 | K152: 7.SEKUDUK 1 168 BIDANG.dwg | L152: 25.230-05.2 | M152: C3
A153: 925 | C153: 00164 | D153: Makam | E153: 6101061807630004 | F153: KBN | G153: K3 | H153: 16755.266 | I153: 176780 | J153: 1657635.4 | K153: 7.SEKUDUK 1 168 BIDANG.dwg | L153: 25.230-05.2 | M153: C2
A154: 926 | C154: 00165 | D154: Wafidah | E154: 6101064912730003 | F154: KBN | G154: K1 | H154: 3221.913 | I154: 176786.82 | J154: 1657861.3 | K154: 7.SEKUDUK 1 168 BIDANG.dwg | L154: 25.230-05.2 | M154: C4
A155: 927 | C155: 00166 | D155: Yanto | E155: 6101060503720002 | F155: KBN | G155: K3 | H155: 3294.238 | I155: 176788.22 | J155: 1657835.1 | K155: 7.SEKUDUK 1 168 BIDANG.dwg | L155: 25.230-05.2 | M155: C4
A156: 928 | C156: 00167 | D156: Johan | E156: 6101061807630004 | F156: KBN | G156: K3 | H156: 252.192 | I156: 176788.78 | J156: 1657759.9 | K156: 7.SEKUDUK 1 168 BIDANG.dwg | L156: 25.230-05.2 | M156: C3
A157: 929 | C157: 00168 | D157: Sungai | E157: 6101061807630005 | H157: 4889.268 | I157: 176819.37 | J157: 1657609.2 | K157: 7.SEKUDUK 1 168 BIDANG.dwg | L157: 25.230-05.2 | M157: D2
A158: 930 | C158: 00169 | D158: Tanah Pusaka | E158: 6101061807630004 | F158: KBN | G158: K3 | H158: 1298.939 | I158: 176830.63 | J158: 1657541.8 | K158: 7.SEKUDUK 1 168 BIDANG.dwg | L158: 25.230-05.2 | M158: D1
A159: 931 | C159: 00170 | D159: Maizir | E159: 6101062310860001 | F159: KBN | G159: K3 | H159: 3495.715 | I159: 176831.04 | J159: 1657763.2 | K159: 7.SEKUDUK 1 168 BIDANG.dwg | L159: 25.230-05.2 | M159: D3
A160: 932 | C160: 00171 | D160: Jiran.z | E160: 6101060803400001 | F160: KBN | G160: K3 | H160: 1124.73 | I160: 176842.74 | J160: 1657935.7 | K160: 7.SEKUDUK 1 168 BIDANG.dwg | L160: 25.230-05.2 | M160: D5
A161: 933 | C161: 00172 | D161: Tanah Desa | E161: 6101061807630004 | F161: KBN | G161: K3 | H161: 2329.34 | I161: 176844.51 | J161: 1657903.1 | K161: 7.SEKUDUK 1 168 BIDANG.dwg | L161: 25.230-05.2 | M161: D5
A162: 934 | C162: 00173 | D162: Jalan | E162: 6101061807630005 | H162: 95.334 | I162: 176845.77 | J162: 1657956.1 | K162: 7.SEKUDUK 1 168 BIDANG.dwg | L162: 25.230-05.2 | M162: D5
A163: 935 | C163: 00174 | D163: Sinta | E163: 6101061807630004 | F163: KBN | G163: K3 | H163: 869.808 | I163: 176857.14 | J163: 1657732.9 | K163: 7.SEKUDUK 1 168 BIDANG.dwg | L163: 25.230-05.2 | M163: D3
A164: 936 | C164: 00175 | D164: Saluran Air | E164: 6101061807630005 | H164: 164.36 | I164: 176858.73 | J164: 1657947.5 | K164: 7.SEKUDUK 1 168 BIDANG.dwg | L164: 25.230-05.2 | M164: D5
A165: 937 | C165: 00176 | D165: Sungai | E165: 6101061807630005 | H165: 5821.132 | I165: 176858.81 | J165: 1657831.2 | K165: 7.SEKUDUK 1 168 BIDANG.dwg | L165: 25.230-05.2 | M165: D4
A166: 938 | C166: 00177 | D166: Jiran.z | E166: 6101060803400001 | F166: KBN | G166: K3 | H166: 330.166 | I166: 176864.37 | J166: 1657954.2 | K166: 7.SEKUDUK 1 168 BIDANG.dwg | L166: 25.230-05.2 | M166: D5
A167: 939 | C167: 00178 | D167: Jalan | E167: 6101061807630005 | H167: 191.206 | I167: 176864.4 | J167: 1657963.4 | K167: 7.SEKUDUK 1 168 BIDANG.dwg | L167: 25.230-05.2 | M167: D5
A168: 940 | C168: 00179 | D168: Jalan | E168: 6101061807630005 | H168: 94.96 | I168: 176880.98 | J168: 1657696 | K168: 7.SEKUDUK 1 168 BIDANG.dwg | L168: 25.230-05.2 | M168: D2
...
